{
  "env_state": {
    "polygon": [
      {
        "position": {
          "0": 0.7680000066757202,
          "1": -2.559999942779541
        },
        "rotation": 0.0,
        "velocity": {
          "0": 0.0,
          "1": 0.0
        },
        "angular_velocity": 0.0,
        "inverse_mass": 0.0,
        "inverse_inertia": 0.0,
        "friction": 1.0,
        "restitution": 0.0,
        "collision_mode": 2,
        "active": true,
        "n_vertices": 4,
        "vertices": {
          "0": {
            "0": 0.6399999856948853,
            "1": 2.5999999046325684
          },
          "1": {
            "0": 0.6399999856948853,
            "1": -2.5999999046325684
          },
          "2": {
            "0": -0.6399999856948853,
            "1": -2.5999999046325684
          },
          "3": {
            "0": -0.6399999856948853,
            "1": 2.5999999046325684
          }
        },
        "radius": 0.0,
        "role": 2,
        "density": 1.0,
        "highlighted": false
      },
      {
        "position": {
          "0": 2.5088000297546387,
          "1": 0.3840000033378601
        },
        "rotation": 0.0,
        "velocity": {
          "0": 0.0,
          "1": 0.0
        },
        "angular_velocity": 0.0,
        "inverse_mass": 6.249999523162842,
        "inverse_inertia": 234.37496948242188,
        "friction": 1.0,
        "restitution": 0.0,
        "collision_mode": 1,
        "active": true,
        "n_vertices": 4,
        "vertices": {
          "0": {
            "0": -0.20000000298023224,
            "1": 0.20000000298023224
          },
          "1": {
            "0": 0.20000000298023224,
            "1": 0.20000000298023224
          },
          "2": {
            "0": 0.20000000298023224,
            "1": -0.20000000298023224
          },
          "3": {
            "0": -0.20000000298023224,
            "1": -0.20000000298023224
          }
        },
        "radius": 0.0,
        "role": 1,
        "density": 1.0,
        "highlighted": false
      }
    ],
    "circle": [
      {
        "position": {
          "0": 1.9704761505126953,
          "1": 0.8495237827301025
        },
        "rotation": 0.0,
        "velocity": {
          "0": 0.0,
          "1": 0.0
        },
        "angular_velocity": 0.0,
        "inverse_mass": 0.0,
        "inverse_inertia": 0.0,
        "friction": 1.0,
        "restitution": 0.0,
        "collision_mode": 1,
        "active": true,
        "n_vertices": 0,
        "vertices": {
          "0": {
            "0": 0.0,
            "1": 0.0
          },
          "1": {
            "0": 0.0,
            "1": 0.0
          },
          "2": {
            "0": 0.0,
            "1": 0.0
          },
          "3": {
            "0": 0.0,
            "1": 0.0
          }
        },
        "radius": 0.3095238208770752,
        "role": 3,
        "density": 1.0,
        "highlighted": false
      },
      {
        "position": {
          "0": 1.9704761505126953,
          "1": 1.468571424484253
        },
        "rotation": 0.0,
        "velocity": {
          "0": 0.0,
          "1": 0.0
        },
        "angular_velocity": 0.0,
        "inverse_mass": 0.0,
        "inverse_inertia": 0.0,
        "friction": 1.0,
        "restitution": 0.0,
        "collision_mode": 1,
        "active": true,
        "n_vertices": 0,
        "vertices": {
          "0": {
            "0": 0.0,
            "1": 0.0
          },
          "1": {
            "0": 0.0,
            "1": 0.0
          },
          "2": {
            "0": 0.0,
            "1": 0.0
          },
          "3": {
            "0": 0.0,
            "1": 0.0
          }
        },
        "radius": 0.3095238208770752,
        "role": 3,
        "density": 1.0,
        "highlighted": false
      },
      {
        "position": {
          "0": 2.5895237922668457,
          "1": 1.468571424484253
        },
        "rotation": 0.0,
        "velocity": {
          "0": 0.0,
          "1": 0.0
        },
        "angular_velocity": 0.0,
        "inverse_mass": 0.0,
        "inverse_inertia": 0.0,
        "friction": 1.0,
        "restitution": 0.0,
        "collision_mode": 1,
        "active": true,
        "n_vertices": 0,
        "vertices": {
          "0": {
            "0": 0.0,
            "1": 0.0
          },
          "1": {
            "0": 0.0,
            "1": 0.0
          },
          "2": {
            "0": 0.0,
            "1": 0.0
          },
          "3": {
            "0": 0.0,
            "1": 0.0
          }
        },
        "radius": 0.3095238208770752,
        "role": 3,
        "density": 1.0,
        "highlighted": false
      },
      {
        "position": {
          "0": 1.4079999923706055,
          "1": 0.05000000074505806
        },
        "rotation": 0.0,
        "velocity": {
          "0": 0.0,
          "1": 0.0
        },
        "angular_velocity": 0.0,
        "inverse_mass": 0.0,
        "inverse_inertia": 0.0,
        "friction": 1.0,
        "restitution": 0.0,
        "collision_mode": 1,
        "active": true,
        "n_vertices": 0,
        "vertices": {
          "0": {
            "0": 0.0,
            "1": 0.0
          },
          "1": {
            "0": 0.0,
            "1": 0.0
          },
          "2": {
            "0": 0.0,
            "1": 0.0
          },
          "3": {
            "0": 0.0,
            "1": 0.0
          }
        },
        "radius": 0.05000000074505806,
        "role": 3,
        "density": 1.0,
        "highlighted": false
      }
    ],
    "joint": [
      {
        "a_index": 0,
        "b_index": 0,
        "a_relative_pos": {
          "0": 0.0,
          "1": 0.0
        },
        "b_relative_pos": {
          "0": 0.0,
          "1": 0.0
        },
        "global_position": {
          "0": 256.0,
          "1": 256.0
        },
        "active": false,
        "acc_impulse": {
          "0": 0.0,
          "1": 0.0
        },
        "acc_r_impulse": 0.0,
        "motor_speed": 0.0,
        "motor_power": 0.0,
        "motor_on": false,
        "motor_has_joint_limits": false,
        "min_rotation": 0.0,
        "max_rotation": 0.0,
        "is_fixed_joint": false,
        "rotation": 0.0,
        "motor_binding": 0
      }
    ],
    "thruster": [
      {
        "object_index": 1,
        "relative_position": {
          "0": -0.20000000298023224,
          "1": 0.0
        },
        "rotation": 1.0471975803375244,
        "power": 0.25,
        "global_position": {
          "0": 2.308799982070923,
          "1": 0.3840000033378601
        },
        "active": true,
        "thruster_binding": 0
      },
      {
        "object_index": 1,
        "relative_position": {
          "0": 0.20000000298023224,
          "1": 0.0
        },
        "rotation": 2.094395160675049,
        "power": 0.25,
        "global_position": {
          "0": 2.7088000774383545,
          "1": 0.3840000033378601
        },
        "active": true,
        "thruster_binding": 1
      }
    ],
    "collision_matrix": {
      "0": {
        "0": false,
        "1": true,
        "2": true,
        "3": true,
        "4": true,
        "5": true
      },
      "1": {
        "0": true,
        "1": false,
        "2": true,
        "3": true,
        "4": true,
        "5": true
      },
      "2": {
        "0": true,
        "1": true,
        "2": false,
        "3": true,
        "4": true,
        "5": true
      },
      "3": {
        "0": true,
        "1": true,
        "2": true,
        "3": false,
        "4": true,
        "5": true
      },
      "4": {
        "0": true,
        "1": true,
        "2": true,
        "3": true,
        "4": false,
        "5": true
      },
      "5": {
        "0": true,
        "1": true,
        "2": true,
        "3": true,
        "4": true,
        "5": false
      }
    },
    "acc_rr_manifolds": [
      {
        "normal": {
          "0": 0.0,
          "1": 0.0
        },